host_country,uie_country,evidence_bucket,lei_count,known_uie_count,inferred_uie_count,model_only_count,avg_uie_confidence
SG,US,E_model_only,1047,0,1047,1047,0.4468
SG,GB,E_model_only,972,0,972,972,0.5896
SG,DE,E_model_only,670,0,670,670,0.5626
SG,KY,E_model_only,593,0,593,593,0.5621
SG,IN,E_model_only,511,0,511,511,0.4874
SG,KY,D_address_inferred,503,0,503,0,0.6
SG,US,D_address_inferred,414,0,414,0,0.6
SG,IN,D_address_inferred,366,0,366,0,0.6
SG,GB,D_address_inferred,286,0,286,0,0.6
SG,BM,D_address_inferred,285,0,285,0,0.6
SG,AU,E_model_only,221,0,221,221,0.6945
SG,US,A_hard_or_verified,218,218,0,0,1.0
SG,NO,E_model_only,186,0,186,186,0.7849
SG,VG,E_model_only,174,0,174,174,0.4949
SG,AU,D_address_inferred,155,0,155,0,0.6
SG,HK,E_model_only,145,0,145,145,0.5355
SG,HK,D_address_inferred,134,0,134,0,0.6
SG,JE,E_model_only,134,0,134,134,0.7066
SG,FR,D_address_inferred,132,0,132,0,0.6
SG,IN,A_hard_or_verified,114,114,0,0,1.0
SG,OFFSHORE,E_model_only,102,0,102,102,0.8324
SG,CN,D_address_inferred,101,0,101,0,0.6
SG,NL,E_model_only,101,0,101,101,0.6333
SG,NO,D_address_inferred,97,0,97,0,0.6
SG,KR,D_address_inferred,93,0,93,0,0.6
SG,LU,D_address_inferred,89,0,89,0,0.6
SG,GB,A_hard_or_verified,85,85,0,0,0.9996
SG,KY,A_hard_or_verified,78,78,0,0,1.0
SG,EUROPE,E_model_only,76,0,76,76,0.4368
SG,JP,A_hard_or_verified,71,71,0,0,1.0
SG,JP,E_model_only,66,0,66,66,0.5859
SG,RU,D_address_inferred,66,0,66,0,0.6
SG,FR,C_name_inferred,62,0,62,0,1.0
SG,JP,D_address_inferred,61,0,61,0,0.6
SG,FR,E_model_only,60,0,60,60,0.4855
SG,OTHER,E_model_only,59,0,59,59,0.5564
SG,CH,D_address_inferred,58,0,58,0,0.6
SG,DE,A_hard_or_verified,58,58,0,0,1.0
SG,IE,D_address_inferred,58,0,58,0,0.6
SG,CN,A_hard_or_verified,56,56,0,0,0.9995
SG,PH,D_address_inferred,55,0,55,0,0.6
SG,ID,D_address_inferred,54,0,54,0,0.6
SG,FI,D_address_inferred,45,0,45,0,0.6
SG,MY,E_model_only,44,0,44,44,0.5798
SG,FR,A_hard_or_verified,41,41,0,0,1.0
SG,BM,A_hard_or_verified,40,40,0,0,1.0
SG,DE,D_address_inferred,38,0,38,0,0.6
SG,CA,A_hard_or_verified,34,34,0,0,1.0
SG,MIDEAST_AFRICA,E_model_only,34,0,34,34,0.5106
SG,CN,E_model_only,30,0,30,30,0.7031
SG,MU,D_address_inferred,30,0,30,0,0.6
SG,NL,D_address_inferred,29,0,29,0,0.6
SG,BM,E_model_only,27,0,27,27,0.5794
SG,GB,C_name_inferred,27,0,27,0,1.0
SG,MY,D_address_inferred,27,0,27,0,0.6
SG,NL,A_hard_or_verified,27,27,0,0,1.0
SG,AU,C_name_inferred,26,0,26,0,1.0
SG,CA,E_model_only,26,0,26,26,0.6026
SG,KY,C_name_inferred,24,0,24,0,0.9636
SG,TH,A_hard_or_verified,22,22,0,0,1.0
SG,AU,A_hard_or_verified,21,21,0,0,1.0
SG,CA,D_address_inferred,21,0,21,0,0.6
SG,CH,A_hard_or_verified,21,21,0,0,1.0
SG,CH,E_model_only,21,0,21,21,0.4947
SG,TH,D_address_inferred,21,0,21,0,0.6
SG,US,C_name_inferred,21,0,21,0,0.9916
SG,BS,D_address_inferred,16,0,16,0,0.6
SG,NO,A_hard_or_verified,16,16,0,0,1.0
SG,AE,D_address_inferred,15,0,15,0,0.6
SG,MY,A_hard_or_verified,15,15,0,0,1.0
SG,CN,B_parent_or_exception,14,14,0,0,0.85
SG,TW,A_hard_or_verified,14,14,0,0,1.0
SG,HK,A_hard_or_verified,13,13,0,0,1.0
SG,JE,D_address_inferred,13,0,13,0,0.6
SG,KR,A_hard_or_verified,12,12,0,0,1.0
SG,VG,A_hard_or_verified,12,12,0,0,1.0
SG,ID,A_hard_or_verified,11,11,0,0,1.0
SG,JE,A_hard_or_verified,11,11,0,0,1.0
SG,PH,A_hard_or_verified,11,11,0,0,1.0
SG,LU,A_hard_or_verified,10,10,0,0,1.0
SG,IE,A_hard_or_verified,9,9,0,0,1.0
SG,DE,C_name_inferred,8,0,8,0,1.0
SG,HK,B_parent_or_exception,7,7,0,0,0.8643
SG,IE,E_model_only,7,0,7,7,0.4754
SG,IN,C_name_inferred,7,0,7,0,0.987
SG,IT,A_hard_or_verified,7,7,0,0,1.0
SG,TW,D_address_inferred,7,0,7,0,0.6
SG,AE,A_hard_or_verified,6,6,0,0,1.0
SG,ASIA_OTHER,E_model_only,6,0,6,6,0.463
SG,BE,A_hard_or_verified,6,6,0,0,1.0
SG,ES,D_address_inferred,6,0,6,0,0.6
SG,GG,D_address_inferred,6,0,6,0,0.6
SG,LI,A_hard_or_verified,6,6,0,0,1.0
SG,AT,A_hard_or_verified,5,5,0,0,1.0
SG,DK,A_hard_or_verified,5,5,0,0,1.0
SG,IN,B_parent_or_exception,5,5,0,0,0.85
SG,MU,A_hard_or_verified,5,5,0,0,1.0
SG,SE,A_hard_or_verified,5,5,0,0,1.0
SG,DK,D_address_inferred,4,0,4,0,0.6
SG,FI,A_hard_or_verified,4,4,0,0,1.0
SG,JE,C_name_inferred,4,0,4,0,0.9833
SG,KY,B_parent_or_exception,4,4,0,0,0.85
SG,SA,A_hard_or_verified,4,4,0,0,1.0
SG,VG,D_address_inferred,4,0,4,0,0.6
SG,BM,C_name_inferred,3,0,3,0,1.0
SG,ES,A_hard_or_verified,3,3,0,0,1.0
SG,GG,A_hard_or_verified,3,3,0,0,1.0
SG,MU,B_parent_or_exception,3,3,0,0,0.85
SG,NO,C_name_inferred,3,0,3,0,0.9825
SG,PT,A_hard_or_verified,3,3,0,0,1.0
SG,RU,A_hard_or_verified,3,3,0,0,1.0
SG,US,B_parent_or_exception,3,3,0,0,0.85
SG,VG,C_name_inferred,3,0,3,0,0.9762
SG,VN,A_hard_or_verified,3,3,0,0,0.99
SG,VN,D_address_inferred,3,0,3,0,0.6
SG,AU,B_parent_or_exception,2,2,0,0,0.875
SG,BR,A_hard_or_verified,2,2,0,0,1.0
SG,BS,A_hard_or_verified,2,2,0,0,1.0
SG,BS,B_parent_or_exception,2,2,0,0,0.85
SG,CY,A_hard_or_verified,2,2,0,0,1.0
SG,CY,D_address_inferred,2,0,2,0,0.6
SG,HK,C_name_inferred,2,0,2,0,1.0
SG,IL,A_hard_or_verified,2,2,0,0,1.0
SG,JE,B_parent_or_exception,2,2,0,0,0.85
SG,JP,B_parent_or_exception,2,2,0,0,0.85
SG,LU,B_parent_or_exception,2,2,0,0,0.875
SG,MU,C_name_inferred,2,0,2,0,0.98
SG,MY,C_name_inferred,2,0,2,0,1.0
SG,NL,B_parent_or_exception,2,2,0,0,0.85
SG,TH,E_model_only,2,0,2,2,0.7091
SG,TR,D_address_inferred,2,0,2,0,0.6
SG,VG,B_parent_or_exception,2,2,0,0,0.85
SG,AT,C_name_inferred,1,0,1,0,1.0
SG,BD,A_hard_or_verified,1,1,0,0,1.0
SG,BM,B_parent_or_exception,1,1,0,0,0.85
SG,CA,C_name_inferred,1,0,1,0,1.0
SG,CY,C_name_inferred,1,0,1,0,1.0
SG,DE,B_parent_or_exception,1,1,0,0,0.85
SG,DK,B_parent_or_exception,1,1,0,0,0.85
SG,GB,B_parent_or_exception,1,1,0,0,0.85
SG,GR,A_hard_or_verified,1,1,0,0,1.0
SG,ID,C_name_inferred,1,0,1,0,1.0
SG,IM,A_hard_or_verified,1,1,0,0,1.0
SG,IT,B_parent_or_exception,1,1,0,0,0.85
SG,IT,C_name_inferred,1,0,1,0,1.0
SG,MH,A_hard_or_verified,1,1,0,0,1.0
SG,MT,B_parent_or_exception,1,1,0,0,0.85
SG,NL,C_name_inferred,1,0,1,0,1.0
SG,QA,A_hard_or_verified,1,1,0,0,1.0
SG,TR,A_hard_or_verified,1,1,0,0,1.0
SG,ZA,A_hard_or_verified,1,1,0,0,1.0
