host_country,lei,legal_name,entity_country,direct_parent_lei,direct_parent_name,direct_parent_country,ultimate_parent_lei,ultimate_parent_name,ultimate_parent_country,chain_parent_lei,chain_parent_name,chain_parent_country,chain_parent_relationship_type,uie_lei,uie_name,uie_country,uie_source,evidence_tier,uie_confidence,is_known_uie,is_inferred_uie,is_non_consolidating,exception_reason,matched_parent_lei,matched_parent_name,matched_parent_country,brand_token,match_score,inferred_parent_lei,address_parent_name,address_parent_country,confidence,predicted_parent_country,prediction_probability,confidence_gap,top3_countries,top3_probabilities,ctos_registered_malaysia,ctos_name,ctos_registration_no,ctos_match_score,ctos_match_method,ctos_url,override_reason,source_url,source_note
BN,5493001SV74RB9BLSG51,AMEC FOSTER WHEELER (B) SDN BHD,BN,,,,549300PLYY6I10B6S323,JOHN WOOD GROUP LIMITED,GB,,,,,549300PLYY6I10B6S323,JOHN WOOD GROUP LIMITED,GB,gleif_ultimate_parent,A_known_ultimate_parent,1.0,1,0,0,,,,,,,,,,,EUROPE,1.0,,EUROPE;OTHER;ASIA_OTHER,1.0;0.0;0.0,0,,,,,,,,
BN,254900O9AGY62PYKHO98,Brunei Shell Petroleum Company Sendirian Berhad,BN,,,,21380068P1DRHMJ8KU70,SHELL PLC,GB,,,,,21380068P1DRHMJ8KU70,SHELL PLC,GB,gleif_ultimate_parent,A_known_ultimate_parent,1.0,1,0,0,,,,,,,,,,,EUROPE,1.0,,EUROPE;OTHER;ASIA_OTHER,1.0;0.0;0.0,0,,,,,,,,
BN,213800LE6S5GZ6L1QA69,HSBC FINANCE (BRUNEI) BERHAD,BN,213800C2BAGI3VAGDP53,HSBC ASIA PACIFIC HOLDINGS (UK) LIMITED,GB,MLU0ZO3ML4LN2LL2TL39,HSBC HOLDINGS PLC,GB,,,,,MLU0ZO3ML4LN2LL2TL39,HSBC HOLDINGS PLC,GB,gleif_ultimate_parent,A_known_ultimate_parent,1.0,1,0,0,,,,,,,,,,,EUROPE,1.0,,EUROPE;OTHER;ASIA_OTHER,1.0;0.0;0.0,0,,,,,,,,
BN,213800NT4LQ6PVGNT163,HSBC SECURITIES (B) BERHAD,BN,2HI3YI5320L3RW6NJ957,HONGKONG AND SHANGHAI BANKING CORPORATION LIMITED -THE-,HK,MLU0ZO3ML4LN2LL2TL39,HSBC HOLDINGS PLC,GB,,,,,MLU0ZO3ML4LN2LL2TL39,HSBC HOLDINGS PLC,GB,gleif_ultimate_parent,A_known_ultimate_parent,1.0,1,0,0,,,,,,,,,,,ASIA_OTHER,1.0,,ASIA_OTHER;EUROPE;OTHER,1.0;0.0;0.0,0,,,,,,,,
BN,549300PN7E415ITD8Z94,Q - CARRIER (B) SDN. BHD.,BN,,,,549300JE3W6CWY2NAN77,CARRIER GLOBAL CORPORATION,US,,,,,549300JE3W6CWY2NAN77,CARRIER GLOBAL CORPORATION,US,gleif_ultimate_parent,A_known_ultimate_parent,1.0,1,0,0,,,,,,,,,,,OTHER,1.0,,OTHER;EUROPE;ASIA_OTHER,1.0;0.0;0.0,0,,,,,,,,
BN,549300FSTEQXEMF8WC19,STANDARD CHARTERED SECURITIES (B) SDN BHD,BN,RILFO74KP1CM8P6PCT96,STANDARD CHARTERED BANK,GB,U4LOSYZ7YG4W3S5F2G91,STANDARD CHARTERED PLC,GB,,,,,U4LOSYZ7YG4W3S5F2G91,STANDARD CHARTERED PLC,GB,gleif_ultimate_parent,A_known_ultimate_parent,1.0,1,0,0,,,,,,,,,,,EUROPE,1.0,,EUROPE;OTHER;ASIA_OTHER,1.0;0.0;0.0,0,,,,,,,,
BN,549300Y92PMMF18DZ040,THYSSENKRUPP INDUSTRIAL SOLUTIONS BRN SDN BHD,BN,549300UDG16DOYUPR330,thyssenkrupp AG,DE,549300UDG16DOYUPR330,thyssenkrupp AG,DE,,,,,549300UDG16DOYUPR330,thyssenkrupp AG,DE,gleif_ultimate_parent,A_known_ultimate_parent,1.0,1,0,0,,,,,,,,,,,EUROPE,1.0,,EUROPE;OTHER;ASIA_OTHER,1.0;0.0;0.0,0,,,,,,,,
BN,549300G5WELGKIENGO70,BRUNEI SHELL FUNDS SENDIRIAN BERHAD AS TRUSTEE OF BRUNEI SHELL RETIREMENT BENEFIT FUND,BN,,,,,,,,,,,21380068P1DRHMJ8KU70,SHELL PLC,GB,phase1_name_match,C_name_match_high,1.0,0,1,1,NON_CONSOLIDATING,21380068P1DRHMJ8KU70,SHELL PLC,GB,SHELL,100.0,,,,,EUROPE,0.9998,,EUROPE;OTHER;ASIA_OTHER,0.9998;0.0002;0.0,0,,,,,,,,
BN,549300W8XN8HALUP3T43,Brunei Shell Funds Sendirian Berhad as Trustee of Brunei Shell Provident Fund,BN,,,,,,,,,,,21380068P1DRHMJ8KU70,SHELL PLC,GB,phase1_name_match,C_name_match_high,1.0,0,1,0,,21380068P1DRHMJ8KU70,SHELL PLC,GB,SHELL,100.0,,,,,EUROPE,0.9998,,EUROPE;OTHER;ASIA_OTHER,0.9998;0.0002;0.0,0,,,,,,,,
BN,549300PYLWGHCJK38139,STANDARD CHARTERED FINANCE (BRUNEI) BERHAD,BN,,,,,,,,,,,U4LOSYZ7YG4W3S5F2G91,STANDARD CHARTERED PLC,GB,phase1_name_match,C_name_match_high,1.0,0,1,0,,U4LOSYZ7YG4W3S5F2G91,STANDARD CHARTERED PLC,GB,STANDARD CHARTERED,100.0,,,,,EUROPE,1.0,,EUROPE;ASIA_OTHER;OTHER,1.0;0.0;0.0,0,,,,,,,,
BN,213800RJ7FP627MDGR54,BGC FOUR (NBD) SENDIRIAN BERHAD,BN,,,,,,,,,,,,,EUROPE,phase3_jurisdiction_model,E_model_predicted_jurisdiction,1.0,0,1,0,NON_PUBLIC,,,,,,,,,,EUROPE,1.0,,EUROPE;ASIA_OTHER;OTHER,1.0;0.0;0.0,0,,,,,,,,
BN,213800RO621XEA8Z9Z16,BGC SPV (NBD) SENDIRIAN BERHAD,BN,,,,,,,,,,,,,EUROPE,phase3_jurisdiction_model,E_model_predicted_jurisdiction,1.0,0,1,0,NON_PUBLIC,,,,,,,,,,EUROPE,1.0,,EUROPE;ASIA_OTHER;OTHER,1.0;0.0;0.0,0,,,,,,,,
BN,213800GYVHGAF2C6N460,BGC THREE (NBD) SENDIRIAN BERHAD,BN,,,,,,,,,,,,,EUROPE,phase3_jurisdiction_model,E_model_predicted_jurisdiction,1.0,0,1,0,NON_PUBLIC,,,,,,,,,,EUROPE,1.0,,EUROPE;ASIA_OTHER;OTHER,1.0;0.0;0.0,0,,,,,,,,
BN,549300TIOP6QYGNUVL12,BRUNEI DARUSSALAM CENTRAL BANK,BN,,,,,,,,,,,,,EUROPE,phase3_jurisdiction_model,E_model_predicted_jurisdiction,1.0,0,1,0,NO_KNOWN_PERSON,,,,,,,,,,EUROPE,1.0,,EUROPE;ASIA_OTHER;OTHER,1.0;0.0;0.0,0,,,,,,,,
BN,5493003NKNFO04NF4E03,BRUNEI GOVERNMENT - FISCAL STABILISATION RESERVE FUND,BN,,,,,,,,,,,,,EUROPE,phase3_jurisdiction_model,E_model_predicted_jurisdiction,1.0,0,1,0,NON_PUBLIC,,,,,,,,,,EUROPE,1.0,,EUROPE;OTHER;ASIA_OTHER,1.0;0.0;0.0,0,,,,,,,,
BN,549300M8EHXBEBUW7157,BRUNEI GOVERNMENT - STRATEGIC DEVELOPMENT CAPITAL FUND,BN,,,,,,,,,,,,,EUROPE,phase3_jurisdiction_model,E_model_predicted_jurisdiction,1.0,0,1,0,NO_KNOWN_PERSON,,,,,,,,,,EUROPE,1.0,,EUROPE;OTHER;ASIA_OTHER,1.0;0.0;0.0,0,,,,,,,,
BN,254900M3VM80WB4R1V15,Bank Islam Brunei Darussalam Berhad,BN,,,,,,,,,,,,,EUROPE,phase3_jurisdiction_model,E_model_predicted_jurisdiction,1.0,0,1,0,NO_KNOWN_PERSON,,,,,,,,,,EUROPE,1.0,,EUROPE;ASIA_OTHER;OTHER,1.0;0.0;0.0,0,,,,,,,,
BN,213800FBIMJU57L9I262,CHAMPION MOTOR (B) SDN. BHD.,BN,,,,,,,,,,,,,EUROPE,phase3_jurisdiction_model,E_model_predicted_jurisdiction,1.0,0,1,0,NO_KNOWN_PERSON,,,,,,,,,,EUROPE,1.0,,EUROPE;ASIA_OTHER;OTHER,1.0;0.0;0.0,0,,,,,,,,
BN,89450011VOQN05N7GV30,HIS MAJESTY THE SULTAN'S FLIGHT (HMSF),BN,,,,,,,,,,,,,EUROPE,phase3_jurisdiction_model,E_model_predicted_jurisdiction,1.0,0,1,0,NO_KNOWN_PERSON,,,,,,,,,,EUROPE,1.0,,EUROPE;OTHER;ASIA_OTHER,1.0;0.0;0.0,0,,,,,,,,
BN,213800AOSBEQ5IAY8F16,"INFO-TREND INTERNATIONAL CO., LTD.",BN,,,,,,,,,,,,,EUROPE,phase3_jurisdiction_model,E_model_predicted_jurisdiction,1.0,0,1,1,NON_CONSOLIDATING,,,,,,,,,,EUROPE,1.0,,EUROPE;ASIA_OTHER;OTHER,1.0;0.0;0.0,0,,,,,,,,
BN,549300C3GNZ9N5OIQ134,INSURANS ISLAM TAIB FAMILY TAKAFUL SENDIRIAN BERHAD,BN,,,,,,,,,,,,,EUROPE,phase3_jurisdiction_model,E_model_predicted_jurisdiction,1.0,0,1,0,NO_KNOWN_PERSON,,,,,,,,,,EUROPE,1.0,,EUROPE;OTHER;ASIA_OTHER,1.0;0.0;0.0,0,,,,,,,,
BN,549300JHQW6XVORXI318,"MORE HARVEST ENTERPRISE CO., LTD.",BN,,,,,,,,,,,,,EUROPE,phase3_jurisdiction_model,E_model_predicted_jurisdiction,1.0,0,1,0,NATURAL_PERSONS,,,,,,,,,,EUROPE,1.0,,EUROPE;ASIA_OTHER;OTHER,1.0;0.0;0.0,0,,,,,,,,
BN,391200S28LX6UGILYU62,NATIONAL INSURANCE COMPANY BERHAD,BN,,,,,,,,,,,,,EUROPE,phase3_jurisdiction_model,E_model_predicted_jurisdiction,1.0,0,1,0,NO_KNOWN_PERSON,,,,,,,,,,EUROPE,1.0,,EUROPE;ASIA_OTHER;OTHER,1.0;0.0;0.0,0,,,,,,,,
BN,549300B0HF260P2JRS30,PERBADANAN TABUNG AMANAH ISLAM BRUNEI,BN,,,,,,,,,,,,,EUROPE,phase3_jurisdiction_model,E_model_predicted_jurisdiction,1.0,0,1,0,NO_KNOWN_PERSON,,,,,,,,,,EUROPE,1.0,,EUROPE;ASIA_OTHER;OTHER,1.0;0.0;0.0,0,,,,,,,,
BN,5493000YBOT83RQXH579,SHINEX INTERNATIONAL LIMITED,BN,,,,,,,,,,,,,EUROPE,phase3_jurisdiction_model,E_model_predicted_jurisdiction,1.0,0,1,1,NON_CONSOLIDATING,,,,,,,,,,EUROPE,1.0,,EUROPE;ASIA_OTHER;OTHER,1.0;0.0;0.0,0,,,,,,,,
BN,549300RK0GYJC8XRCD27,"SKY HIGH INTERNATIONAL CO.,LTD .",BN,,,,,,,,,,,,,EUROPE,phase3_jurisdiction_model,E_model_predicted_jurisdiction,1.0,0,1,1,NON_CONSOLIDATING,,,,,,,,,,EUROPE,1.0,,EUROPE;ASIA_OTHER;OTHER,1.0;0.0;0.0,0,,,,,,,,
BN,549300UX2Z5WLYRV7O02,BAIDURI BANK SENDIRIAN BERHAD,BN,,,,,,,,,,,,,EUROPE,phase3_jurisdiction_model,E_model_predicted_jurisdiction,0.9998,0,1,1,NON_CONSOLIDATING,,,,,,,,,,EUROPE,0.9998,,EUROPE;OTHER;ASIA_OTHER,0.9998;0.0002;0.0,0,,,,,,,,
BN,5493005U0REQRBAO7T49,BRUNEI GOVERNMENT - RETIREMENT FUND,BN,,,,,,,,,,,,,EUROPE,phase3_jurisdiction_model,E_model_predicted_jurisdiction,0.9998,0,1,0,NO_KNOWN_PERSON,,,,,,,,,,EUROPE,0.9998,,EUROPE;OTHER;ASIA_OTHER,0.9998;0.0002;0.0,0,,,,,,,,
BN,213800AI4ZRQM6MLJO74,NBT (BRUNEI) SDN. BHD.,BN,,,,,,,,,,,,,OTHER,phase3_jurisdiction_model,E_model_predicted_jurisdiction,0.9956,0,1,0,NO_KNOWN_PERSON,,,,,,,,,,OTHER,0.9956,,OTHER;ASIA_OTHER;EUROPE,0.9956;0.0035;0.0009,0,,,,,,,,
BN,213800HNFTPAJAIJQX16,GATWICK ENTERPRISES LIMITED,BN,,,,,,,,,,,,,ASIA_OTHER,phase3_jurisdiction_model,E_model_predicted_jurisdiction,0.9935,0,1,0,NO_KNOWN_PERSON,,,,,,,,,,ASIA_OTHER,0.9935,,ASIA_OTHER;EUROPE;OTHER,0.9935;0.0048;0.0017,0,,,,,,,,
BN,5493009WCP2M6GLMND26,BRUNEI INVESTMENT AGENCY,BN,,,,,,,,,,,,,OTHER,phase3_jurisdiction_model,E_model_predicted_jurisdiction,0.9889,0,1,0,NO_KNOWN_PERSON,,,,,,,,,,OTHER,0.9889,,OTHER;ASIA_OTHER;EUROPE,0.9889;0.0102;0.0009,0,,,,,,,,
BN,5493001WPDEQJK0NYN84,"BIBLIOGEM ENTERPRISE., LTD.",BN,,,,,,,,,,,,,ASIA_OTHER,phase3_jurisdiction_model,E_model_predicted_jurisdiction,0.9872,0,1,1,NON_CONSOLIDATING,,,,,,,,,,ASIA_OTHER,0.9872,,ASIA_OTHER;EUROPE;OTHER,0.9872;0.0095;0.0034,0,,,,,,,,
BN,529900XFX9I7WWST9U30,Brunei Oxygen SDN. BHD.,BN,,,,,,,,,,,,,OTHER,phase3_jurisdiction_model,E_model_predicted_jurisdiction,0.984,0,1,0,,,,,,,,,,,OTHER,0.984,,OTHER;ASIA_OTHER;EUROPE,0.984;0.0151;0.0009,0,,,,,,,,
BN,5493009METD8ZFW8CU35,TABUNG AMANAH PEKERJA BOARD,BN,,,,,,,,,,,,,ASIA_OTHER,phase3_jurisdiction_model,E_model_predicted_jurisdiction,0.9719,0,1,0,NO_LEI,,,,,,,,,,ASIA_OTHER,0.9719,,ASIA_OTHER;EUROPE;OTHER,0.9719;0.0208;0.0074,0,,,,,,,,
BN,254900AFH91ZAFRZ4F81,BIBD Securities SDN BHD,BN,,,,,,,,,,,,,OTHER,phase3_jurisdiction_model,E_model_predicted_jurisdiction,0.9387,0,1,1,NON_CONSOLIDATING,,,,,,,,,,OTHER,0.9387,,OTHER;ASIA_OTHER;EUROPE,0.9387;0.0604;0.0009,0,,,,,,,,
BN,894500PULNXEJ4DGMS30,Baiduri Capital Sdn Bhd,BN,,,,,,,,,,,,,OTHER,phase3_jurisdiction_model,E_model_predicted_jurisdiction,0.9387,0,1,0,NO_KNOWN_PERSON,,,,,,,,,,OTHER,0.9387,,OTHER;ASIA_OTHER;EUROPE,0.9387;0.0604;0.0009,0,,,,,,,,
BN,254900A11UC5CCXFV371,QVERO TRADING SDN BHD,BN,,,,,,,,,,,,,OTHER,phase3_jurisdiction_model,E_model_predicted_jurisdiction,0.9387,0,1,0,NATURAL_PERSONS,,,,,,,,,,OTHER,0.9387,,OTHER;ASIA_OTHER;EUROPE,0.9387;0.0604;0.0009,0,,,,,,,,
BN,254900IBI75P26MYWE73,SCHINDLER LIFTEC SDN BHD,BN,,,,,,,,,,,,,OTHER,phase3_jurisdiction_model,E_model_predicted_jurisdiction,0.9387,0,1,0,NON_PUBLIC,,,,,,,,,,OTHER,0.9387,,OTHER;ASIA_OTHER;EUROPE,0.9387;0.0604;0.0009,0,,,,,,,,
BN,894500ZJD55V739W9609,ULAP Networks Sdn Bhd,BN,,,,,,,,,,,,,OTHER,phase3_jurisdiction_model,E_model_predicted_jurisdiction,0.9387,0,1,0,NO_KNOWN_PERSON,,,,,,,,,,OTHER,0.9387,,OTHER;ASIA_OTHER;EUROPE,0.9387;0.0604;0.0009,0,,,,,,,,
BN,213800W6IT68NND1FE22,AMMAR SDN BHD,BN,,,,,,,,,,,,,OTHER,phase3_jurisdiction_model,E_model_predicted_jurisdiction,0.9114,0,1,1,NON_CONSOLIDATING,,,,,,,,,,OTHER,0.9114,,OTHER;ASIA_OTHER;EUROPE,0.9114;0.0878;0.0008,0,,,,,,,,
BN,549300VHI2VQP4M9O228,DVY CONSULTING INC.,BN,,,,,,,,,,,,,OTHER,phase3_jurisdiction_model,E_model_predicted_jurisdiction,0.8393,0,1,0,NATURAL_PERSONS,,,,,,,,,,OTHER,0.8393,,OTHER;ASIA_OTHER;EUROPE,0.8393;0.16;0.0008,0,,,,,,,,
BN,549300NG9J17JD5HTZ65,"GAIA ENTERPRISE., LTD",BN,,,,,,,,,,,,,OTHER,phase3_jurisdiction_model,E_model_predicted_jurisdiction,0.7774,0,1,1,NON_CONSOLIDATING,,,,,,,,,,OTHER,0.7774,,OTHER;ASIA_OTHER;EUROPE,0.7774;0.2218;0.0007,0,,,,,,,,
